solve_time,num_iters,optimality_gap,feasibility_gap,sdn,vup,time
0.010528341,8.0,0.0,0.0,5.740644638987941e-11,6.217248937900877e-15,2025-09-25 12:37:09
