solve_time,num_iters,optimality_gap,feasibility_gap,sdn,vup,time
0.007889697,6.0,0.0,0.0,0.30627214788739493,0.008268140324963813,2025-09-25 12:37:09
